country,region,year,total_museums,art_museums,history_museums,science_museums,population_millions,gdp_per_capita_usd,tourism_income_billion,culture_budget_percent,unesco_sites
Poland,Europe,2022,2179,517,933,729,363.42,72729,152.7,0.32,9
France,Europe,2018,2770,802,1135,833,1327.18,97146,143.8,2.01,5
Spain,Europe,2022,5349,817,2096,2436,461.39,69307,187.92,2.32,8
Greece,Europe,2020,2050,425,890,735,387.28,47119,52.07,2.44,11
Malaysia,Asia,2018,3036,547,1263,1226,484.35,29486,167.48,0.34,3
Saudi Arabia,Asia,2021,5498,1348,1941,2209,98.89,41469,137.71,0.15,11
Turkey,Asia,2022,5011,1273,2153,1585,548.36,44174,66.66,2.2,7
Switzerland,Europe,2020,6525,2076,3197,1252,384.91,50477,111.06,0.73,7
Singapore,Asia,2020,5891,2025,2428,1438,826.22,46569,40.33,0.89,12
Canada,Americas,2015,29610,5711,11371,12528,1121.73,71787,83.34,0.59,6
Canada,Americas,2022,17318,3918,9072,4328,917.71,18899,190.34,0.56,2
Norway,Europe,2020,2558,546,932,1080,592.88,86766,10.8,0.9,5
China,Asia,2023,1945,468,861,616,1007.62,13123,14.87,0.34,3
Venezuela,Americas,2022,13370,3080,5563,4727,470.82,30284,41.03,0.48,14
Poland,Europe,2015,4713,1054,2558,1101,1373.13,61683,130.03,1.35,14
Philippines,Asia,2018,4429,1138,2342,949,695.64,62310,118.44,0.65,9
Cuba,Americas,2023,23045,3636,8410,10999,868.39,98531,195.01,1.58,13
Norway,Europe,2022,4245,783,1586,1876,1104.95,74010,184.34,0.82,6
Portugal,Europe,2018,2897,463,1042,1392,715.14,26954,109.14,1.14,12
Sweden,Europe,2022,638,126,313,199,1201.0,12739,114.05,0.69,2
Austria,Europe,2022,7645,2214,2759,2672,1040.82,33367,141.2,0.19,15
New Zealand,Oceania,2018,274,86,107,81,1356.59,34127,171.14,0.75,6
India,Asia,2021,4386,714,1877,1795,1053.42,55574,66.0,0.87,6
Japan,Asia,2020,3334,592,1812,930,116.64,54582,33.88,1.17,7
Indonesia,Asia,2018,3039,899,1303,837,855.49,30749,94.73,0.38,5
India,Asia,2021,1590,505,585,500,1424.58,18512,118.27,0.96,7
Indonesia,Asia,2022,4429,1465,2086,878,1228.73,41082,168.49,1.58,13
Poland,Europe,2015,680,105,308,267,1167.73,96630,124.52,1.79,9
Saudi Arabia,Asia,2023,5542,1853,2461,1228,377.22,49344,99.14,0.41,6
Sweden,Europe,2018,3084,1045,1326,713,758.56,71748,53.29,1.66,10
Mexico,Americas,2018,13181,3934,5120,4127,1272.6,77366,110.1,0.22,12
Australia,Oceania,2020,64,21,26,17,1406.63,23657,50.65,0.56,9
Mexico,Americas,2018,20068,4341,10494,5233,820.78,27234,75.29,0.66,6
UK,Europe,2023,5114,1710,2611,793,171.87,41823,96.72,0.96,15
Egypt,Africa,2022,314,51,130,133,565.86,38912,191.18,1.12,2
Philippines,Asia,2015,521,159,209,153,42.32,27169,48.5,0.31,4
Peru,Americas,2023,35698,10719,16970,8009,637.48,91218,78.7,1.54,2
Austria,Europe,2015,4283,1263,2268,752,4.72,8381,195.52,2.49,12
Jamaica,Americas,2020,8378,2877,3739,1762,200.22,39738,116.88,0.32,11
Senegal,Africa,2023,323,55,149,119,1254.67,60174,74.36,2.15,2
Saudi Arabia,Asia,2023,3986,772,2114,1100,68.04,76813,8.47,1.69,9
Malaysia,Asia,2021,928,324,445,159,901.34,84511,140.95,0.29,15
Venezuela,Americas,2023,18828,2937,6601,9290,1189.05,77931,137.79,0.2,13
Portugal,Europe,2015,2954,1018,1221,715,494.71,95703,2.51,0.97,1
Morocco,Africa,2018,349,61,157,131,716.19,48643,18.49,2.46,9
Senegal,Africa,2020,154,28,74,52,1433.8,29241,104.83,2.08,10
Philippines,Asia,2023,3850,1310,1943,597,471.45,81277,76.24,2.04,13
Ethiopia,Africa,2021,227,52,81,94,404.82,65861,82.2,0.22,13
Uganda,Africa,2015,202,41,102,59,1301.11,10646,196.31,0.4,5
China,Asia,2023,257,52,96,109,268.06,59446,167.52,0.9,14
Philippines,Asia,2018,1850,463,827,560,884.49,33342,46.58,0.39,9
Cuba,Americas,2021,38301,11599,16176,10526,1184.35,98689,196.65,2.28,13
Japan,Asia,2015,3800,779,1864,1157,811.74,34809,27.9,1.96,3
Nigeria,Africa,2022,348,95,137,116,1442.78,48140,12.69,0.74,8
Morocco,Africa,2015,180,61,87,32,836.99,97434,6.76,0.76,2
Peru,Americas,2021,7634,2547,3861,1226,129.83,59799,78.02,0.4,6
Greece,Europe,2021,7099,1105,2584,3410,1315.11,86019,89.56,1.03,8
Switzerland,Europe,2022,3114,473,1437,1204,522.07,76050,147.21,0.6,10
Ethiopia,Africa,2015,441,112,165,164,745.34,55070,188.4,0.65,8
Nigeria,Africa,2022,289,100,132,57,190.73,92743,38.23,0.77,7
Nigeria,Africa,2020,73,16,39,18,1066.35,79774,160.56,1.13,3
Ethiopia,Africa,2021,183,62,70,51,396.61,85723,70.58,0.36,10
South Korea,Asia,2021,634,135,251,248,422.18,69347,186.14,1.83,0
South Korea,Asia,2015,2256,694,883,679,374.26,12719,49.72,0.94,7
Greece,Europe,2015,5266,1823,2114,1329,983.67,18487,172.95,0.75,14
Kenya,Africa,2018,462,117,197,148,1121.12,29777,126.63,0.81,5
China,Asia,2020,3368,1061,1341,966,1379.94,21104,98.61,1.86,8
Indonesia,Asia,2020,3061,471,1284,1306,337.64,48234,42.66,2.46,15
Venezuela,Americas,2020,14425,5044,5226,4155,657.05,25384,18.94,0.61,1
Switzerland,Europe,2020,3786,796,1664,1326,859.68,95330,18.78,0.72,6
Nigeria,Africa,2020,387,85,144,158,175.82,71886,30.66,1.66,7
Brazil,Americas,2020,8330,2393,3359,2578,106.55,88769,95.85,1.85,7
Greece,Europe,2018,7054,1893,3553,1608,130.23,12179,118.55,1.22,2
UAE,Asia,2018,4580,1350,1819,1411,184.59,13440,122.12,1.03,9
India,Asia,2015,400,63,158,179,169.59,49339,131.29,0.66,3
Switzerland,Europe,2023,3590,1179,1629,782,24.36,77601,187.09,1.99,10
Colombia,Americas,2018,22702,5647,8803,8252,918.55,39958,142.41,0.57,7
Netherlands,Europe,2015,7639,1883,3005,2751,274.79,50184,153.33,1.74,12
Argentina,Americas,2023,6125,1578,2857,1690,861.42,9979,110.82,0.44,1
Bangladesh,Asia,2018,748,149,397,202,548.45,69950,19.47,0.58,7
Egypt,Africa,2018,481,153,245,83,1388.9,9820,40.81,2.33,15
New Zealand,Oceania,2015,147,30,63,54,1001.63,47794,45.72,1.46,12
Spain,Europe,2018,1755,534,879,342,473.15,90778,138.59,1.95,2
Peru,Americas,2023,37765,6360,15085,16320,75.95,23518,149.62,1.9,5
Jamaica,Americas,2023,1986,415,1005,566,323.2,35402,36.39,1.07,13
Poland,Europe,2020,1856,405,805,646,704.14,20300,22.35,1.34,5
Chile,Americas,2023,25545,5409,13607,6529,1402.68,9776,47.52,2.3,9
Turkey,Asia,2020,4667,1259,2038,1370,1128.18,69985,102.34,2.34,0
Venezuela,Americas,2023,19996,3324,10278,6394,1374.5,58448,197.92,2.4,8
Kenya,Africa,2023,50,16,24,10,1038.45,13999,14.67,1.5,13
Nigeria,Africa,2021,272,50,108,114,532.48,32046,90.19,0.99,9
Chile,Americas,2015,31570,5511,13255,12804,1286.35,16599,95.04,0.16,2
Czech Republic,Europe,2022,5636,1723,2309,1604,1172.32,7313,150.62,0.44,5
Portugal,Europe,2015,6924,1078,3382,2464,1419.04,31208,117.57,1.84,14
Denmark,Europe,2015,4731,872,2347,1512,1275.94,56228,45.23,0.58,14
Norway,Europe,2015,4981,891,1933,2157,375.57,25830,87.42,2.27,6
South Korea,Asia,2023,4134,1435,1617,1082,1127.46,11800,181.07,1.31,6
India,Asia,2021,3198,1020,1249,929,1137.91,80997,168.73,0.91,9
Turkey,Asia,2023,2749,834,984,931,1368.98,63002,118.95,1.0,1
Iran,Asia,2018,5281,1293,2294,1694,803.18,5256,7.1,0.6,7
Netherlands,Europe,2020,3650,602,1327,1721,626.46,24718,38.92,0.85,3
Ethiopia,Africa,2020,316,68,154,94,244.39,73112,177.68,0.9,6
Turkey,Asia,2023,4809,1148,2305,1356,300.57,78235,60.2,0.11,13
Tanzania,Africa,2022,206,43,85,78,197.45,98772,105.59,1.59,2
Tanzania,Africa,2020,443,68,167,208,1388.74,55799,151.68,1.1,3
France,Europe,2023,2071,328,963,780,231.21,55554,192.75,1.27,0
Cuba,Americas,2021,5590,1232,2567,1791,1270.12,85098,116.84,0.29,8
Kenya,Africa,2020,176,57,84,35,1409.44,73179,95.6,1.83,11
Czech Republic,Europe,2022,3293,915,1524,854,190.41,21463,33.3,1.91,7
New Zealand,Oceania,2022,452,113,236,103,138.17,95121,183.22,1.8,2
South Korea,Asia,2023,5028,1628,2404,996,1362.81,78724,32.01,1.29,10
South Korea,Asia,2020,4898,1397,1935,1566,785.93,61615,50.15,1.65,10
Chile,Americas,2023,6298,1530,3382,1386,798.64,53101,193.02,2.04,0
Philippines,Asia,2015,5100,1102,1953,2045,1337.25,94109,73.86,1.24,12
New Zealand,Oceania,2015,318,83,171,64,1424.04,52234,118.37,1.66,14
Poland,Europe,2022,1341,461,663,217,228.59,83226,37.5,0.23,1
Japan,Asia,2022,2886,499,1043,1344,1434.48,40023,183.9,1.61,14
Saudi Arabia,Asia,2015,3935,863,1632,1440,1175.92,59029,119.27,1.79,3
Spain,Europe,2015,3702,1003,1804,895,1380.29,70019,68.22,1.69,5
Italy,Europe,2022,2310,581,1030,699,1139.34,24153,95.28,1.3,4
Poland,Europe,2018,5309,1479,2481,1349,90.91,96080,136.14,2.41,11
Nigeria,Africa,2023,297,98,127,72,487.62,49683,150.87,1.51,6
New Zealand,Oceania,2023,240,52,105,83,510.31,79291,121.38,0.92,6
Indonesia,Asia,2015,1601,469,655,477,1354.33,53441,184.39,2.17,1
Philippines,Asia,2018,2222,413,789,1020,38.1,47017,198.18,0.94,0
Germany,Europe,2022,7768,2575,2760,2433,209.51,72881,51.77,0.31,7
Netherlands,Europe,2018,3313,1090,1237,986,1248.93,70512,98.85,1.24,14
China,Asia,2020,1903,429,779,695,1124.44,64730,178.48,0.6,2
Singapore,Asia,2015,1921,571,1036,314,1020.48,53835,104.37,0.41,3
Singapore,Asia,2015,3672,1045,1419,1208,1368.88,50813,165.35,0.27,8
Vietnam,Asia,2021,1300,303,686,311,988.96,78737,61.09,2.07,14
South Africa,Africa,2021,297,86,162,49,734.81,47935,185.08,0.8,15
Egypt,Africa,2021,460,104,164,192,1298.32,64299,191.32,0.73,5
Portugal,Europe,2015,5763,1703,2029,2031,1367.22,49242,16.59,0.97,4
Nigeria,Africa,2018,465,159,178,128,1248.62,84190,77.44,1.67,13
Kenya,Africa,2022,359,99,156,104,615.86,27311,76.18,0.57,11
Pakistan,Asia,2018,1142,359,553,230,3.19,77084,33.8,2.19,14
South Korea,Asia,2021,3108,487,1576,1045,370.68,9867,31.3,0.76,1
Colombia,Americas,2021,26210,5567,12570,8073,585.84,66890,157.99,1.0,2
Japan,Asia,2018,182,32,85,65,1348.13,17435,25.49,1.18,4
Iran,Asia,2015,3124,776,1434,914,562.54,15610,179.9,2.33,14
Ethiopia,Africa,2015,383,61,194,128,39.56,26720,153.65,0.71,8
USA,Americas,2015,23940,6010,9362,8568,363.82,31302,116.4,0.29,1
Austria,Europe,2020,1963,525,856,582,182.53,78299,69.15,0.68,13
Saudi Arabia,Asia,2021,3286,1051,1326,909,1417.57,89753,159.47,0.16,7
UAE,Asia,2022,2985,599,1083,1303,442.82,50298,191.02,0.96,4
Uganda,Africa,2023,291,45,105,141,1382.31,13068,100.78,0.31,0
Australia,Oceania,2018,114,20,49,45,832.8,55356,173.82,2.34,15
India,Asia,2020,1558,395,642,521,443.67,13544,3.05,1.1,10
Australia,Oceania,2018,163,29,75,59,510.1,31574,170.73,0.81,11
Tanzania,Africa,2015,93,29,46,18,1253.41,13213,158.79,0.85,4
Colombia,Americas,2020,28019,5501,10454,12064,779.18,15151,84.82,0.35,5
Philippines,Asia,2020,1615,467,708,440,393.73,28378,195.2,0.58,0
Finland,Europe,2021,7613,2635,4161,817,881.72,84969,175.24,1.4,4
Fiji,Oceania,2021,143,45,63,35,10.0,42045,174.54,1.64,5
Senegal,Africa,2020,165,55,75,35,449.93,31559,192.04,1.29,12
Poland,Europe,2020,7367,2489,3301,1577,250.67,66623,42.01,1.62,7
Morocco,Africa,2021,272,64,111,97,971.07,81013,57.18,1.47,13
China,Asia,2023,2044,617,930,497,708.13,6775,198.13,2.36,4
Nigeria,Africa,2020,94,22,35,37,450.68,94385,71.05,1.08,6
Japan,Asia,2023,5158,837,2804,1517,834.7,68426,122.22,1.71,1
Sweden,Europe,2023,6902,2178,3233,1491,1238.23,67321,55.6,0.32,2
Singapore,Asia,2020,2706,592,1260,854,1023.17,95392,119.74,1.45,1
Canada,Americas,2022,15969,2705,7683,5581,113.44,54735,186.49,1.61,5
Switzerland,Europe,2020,5230,1345,1862,2023,1312.82,68105,6.89,0.53,7
Bangladesh,Asia,2018,4450,972,2128,1350,1163.31,46228,66.78,0.72,1
Australia,Oceania,2018,205,54,79,72,715.7,14732,22.41,0.67,6
Austria,Europe,2015,2770,429,1182,1159,831.85,74505,15.99,1.67,9
Spain,Europe,2021,375,63,144,168,1144.62,20369,179.83,0.45,8
Venezuela,Americas,2023,31172,5071,14668,11433,1155.89,53463,30.96,0.26,10
Argentina,Americas,2020,30392,6975,12063,11354,415.76,93578,95.49,2.31,3
Fiji,Oceania,2015,533,157,262,114,596.0,85929,78.75,1.02,11
Australia,Oceania,2021,470,118,231,121,296.91,91344,92.6,2.25,9
Indonesia,Asia,2018,288,55,111,122,1285.79,75949,150.18,2.07,9
Jamaica,Americas,2021,35913,6826,15235,13852,209.33,97052,134.21,2.07,0
Senegal,Africa,2022,321,67,174,80,1070.44,72269,45.02,1.5,5
Mexico,Americas,2023,4521,816,1902,1803,360.84,18463,108.11,0.81,12
Portugal,Europe,2020,4891,875,2664,1352,427.78,83416,185.93,2.02,6
Germany,Europe,2020,854,191,387,276,307.18,59826,19.55,0.98,5
Cuba,Americas,2018,20431,4286,7424,8721,65.48,74209,17.97,1.15,14
Italy,Europe,2022,2552,531,1283,738,195.12,48835,46.11,1.88,2
Czech Republic,Europe,2023,7937,2469,4324,1144,831.67,43409,103.79,0.78,10
Thailand,Asia,2020,777,239,322,216,576.85,74626,104.82,1.26,13
China,Asia,2023,2673,624,972,1077,689.06,5932,108.88,1.46,2
Fiji,Oceania,2022,326,108,150,68,1291.14,24868,9.07,1.18,15
Chile,Americas,2022,32048,5193,13729,13126,24.9,7590,139.21,0.72,7
Turkey,Asia,2018,3471,1040,1884,547,354.49,95123,16.71,1.23,0
Australia,Oceania,2023,478,91,238,149,838.56,14104,96.6,0.38,11
Saudi Arabia,Asia,2023,3874,744,1994,1136,510.07,66171,71.48,0.35,6
Pakistan,Asia,2021,5648,1102,2416,2130,986.0,94550,78.91,0.9,7
Czech Republic,Europe,2021,797,189,342,266,350.88,49073,72.99,1.98,6
Fiji,Oceania,2021,60,10,23,27,384.79,89636,34.05,2.25,3
Netherlands,Europe,2015,1083,256,400,427,42.22,50409,115.61,0.12,7
Malaysia,Asia,2015,2320,479,1099,742,959.6,57206,122.97,1.58,10
South Korea,Asia,2023,2913,495,1504,914,268.96,8526,2.33,1.51,11
Nigeria,Africa,2022,341,56,147,138,416.51,79553,92.25,1.19,15
Pakistan,Asia,2018,3285,814,1381,1090,764.77,63006,171.76,0.45,0
Senegal,Africa,2015,62,18,24,20,1300.11,87303,112.26,1.28,0
Cuba,Americas,2018,12557,2404,4709,5444,494.32,15298,184.61,1.45,4
UK,Europe,2018,2013,473,1065,475,777.44,16042,48.87,1.08,4
Tanzania,Africa,2020,72,24,37,11,227.37,12098,104.78,1.42,3
Czech Republic,Europe,2015,4933,1620,2063,1250,508.21,57046,132.64,0.92,2
Chile,Americas,2018,35674,6413,16862,12399,974.73,42400,138.05,1.97,7
Pakistan,Asia,2022,782,218,298,266,1063.12,96171,4.89,1.61,5
Spain,Europe,2018,1604,372,743,489,1070.38,84390,140.46,1.74,13
Uganda,Africa,2023,146,37,54,55,386.26,40305,83.69,0.51,0
Cuba,Americas,2022,5064,910,2620,1534,815.98,55401,188.7,0.12,1
UK,Europe,2022,4883,1439,1743,1701,151.51,16956,44.68,0.15,13
Fiji,Oceania,2020,70,16,31,23,236.53,28058,82.39,2.27,13
Japan,Asia,2023,4648,738,1918,1992,997.99,71099,27.33,1.36,15
Australia,Oceania,2020,272,79,144,49,827.37,61763,119.94,2.21,3
Colombia,Americas,2022,16381,2843,6549,6989,1180.66,72406,163.49,1.65,6
Singapore,Asia,2022,4518,1209,2116,1193,894.51,26657,49.09,0.4,6
Sweden,Europe,2023,6906,1407,2801,2698,1058.7,8336,179.1,2.25,2
Chile,Americas,2022,24966,4896,9027,11043,692.56,50705,163.68,0.53,1
Poland,Europe,2023,6003,1340,2285,2378,1348.9,28003,144.73,1.94,4
Brazil,Americas,2018,17160,5986,6704,4470,748.58,87198,118.83,1.37,11
Fiji,Oceania,2020,240,39,91,110,725.95,91128,3.34,0.78,15
France,Europe,2021,5897,1979,2354,1564,608.98,31792,18.07,1.14,8
Colombia,Americas,2018,30395,6169,14836,9390,934.34,91351,95.62,1.1,0
France,Europe,2021,4656,800,1778,2078,237.87,36748,40.16,1.47,2
Canada,Americas,2015,23023,3823,8253,10947,845.88,71182,172.96,1.1,0
Czech Republic,Europe,2021,3968,600,1794,1574,666.04,36660,25.61,2.15,12
Switzerland,Europe,2022,4187,1180,1548,1459,1300.58,7725,72.44,0.2,8
Indonesia,Asia,2018,2555,692,1262,601,1073.7,90665,163.61,1.64,15
Austria,Europe,2021,625,135,315,175,722.04,86542,173.48,1.45,3
Bangladesh,Asia,2021,2708,906,1143,659,1184.08,61542,181.74,1.47,11
Finland,Europe,2020,6350,1526,2451,2373,1207.66,36243,105.63,1.85,4
Malaysia,Asia,2021,271,56,125,90,1307.3,58978,3.27,0.68,3
Ethiopia,Africa,2015,73,15,29,29,827.3,18768,148.44,2.32,0
Israel,Asia,2015,5699,1200,2139,2360,1014.82,70757,199.43,2.44,1
Chile,Americas,2022,13484,3312,6814,3358,1103.97,10053,176.04,2.19,1
Uganda,Africa,2023,309,76,143,90,557.99,69856,93.87,0.18,2
Iran,Asia,2015,3195,758,1371,1066,1231.28,37743,87.95,0.37,0
Czech Republic,Europe,2015,535,98,242,195,708.88,83279,162.48,2.13,7
Greece,Europe,2020,6650,2123,3001,1526,820.42,29034,41.98,0.64,6
Greece,Europe,2015,2432,705,1183,544,1441.77,81910,173.26,1.08,4
Colombia,Americas,2023,2586,771,1215,600,906.59,84075,127.78,2.15,11
UK,Europe,2018,2029,505,753,771,1356.68,42747,86.91,2.19,10
Iran,Asia,2022,514,92,233,189,177.75,46447,199.24,0.89,15
Ghana,Africa,2023,322,111,144,67,1060.29,62762,170.35,1.09,8
Ethiopia,Africa,2022,322,50,169,103,975.58,79264,137.31,0.99,9
Kenya,Africa,2023,227,50,116,61,1257.65,66272,130.14,1.56,2
Cuba,Americas,2022,3263,744,1548,971,645.82,24690,193.41,1.99,15
Austria,Europe,2020,357,54,138,165,1381.23,87409,45.4,0.18,9
Thailand,Asia,2018,999,302,388,309,1080.88,85747,46.42,0.72,5
Pakistan,Asia,2021,822,281,367,174,1163.28,95268,62.09,0.61,3
Jamaica,Americas,2020,31333,4931,14270,12132,148.34,25043,87.21,0.62,8
Spain,Europe,2020,3083,1028,1138,917,374.13,43506,80.71,1.22,14
Portugal,Europe,2018,1548,349,591,608,485.22,82932,89.59,0.88,2
Saudi Arabia,Asia,2015,2179,463,897,819,548.66,71058,104.3,2.38,8
Denmark,Europe,2015,585,123,222,240,1308.87,74212,171.38,2.48,12
Philippines,Asia,2015,3092,619,1203,1270,239.8,10703,186.27,0.34,6
Senegal,Africa,2018,417,137,169,111,1393.02,99978,104.8,1.69,15
Jamaica,Americas,2015,11794,2524,4888,4382,220.84,76010,20.19,0.73,0
Switzerland,Europe,2020,7597,2231,3951,1415,423.49,76470,160.9,2.21,14
USA,Americas,2018,37075,10499,13082,13494,686.17,10229,136.5,0.68,13
Switzerland,Europe,2022,5719,1293,2173,2253,1143.84,34197,175.94,1.09,14
Greece,Europe,2023,631,105,278,248,64.42,43796,58.29,1.63,1
UK,Europe,2020,6426,1234,2618,2574,404.16,55595,196.8,1.25,4
Venezuela,Americas,2020,16588,3100,6720,6768,434.43,53138,100.5,1.16,13
Morocco,Africa,2015,231,47,98,86,947.23,49241,22.51,0.52,10
UK,Europe,2015,1402,328,628,446,1447.89,52210,97.17,1.17,6
Senegal,Africa,2022,229,62,106,61,191.65,45149,47.61,0.69,3
Singapore,Asia,2020,4784,1608,2166,1010,345.46,61132,111.55,2.19,10
Iran,Asia,2023,325,55,156,114,424.31,14570,83.72,1.4,6
Peru,Americas,2023,6706,1807,3255,1644,78.55,7129,51.07,0.53,11
South Africa,Africa,2018,461,158,192,111,1043.67,5378,67.56,2.16,1
Chile,Americas,2022,38376,10661,17798,9917,171.28,33200,152.47,0.44,15
USA,Americas,2018,39796,7879,18950,12967,899.29,84019,180.81,0.15,15
Mexico,Americas,2021,26281,7091,10700,8490,372.21,63935,100.83,2.05,0
UK,Europe,2023,3279,1135,1558,586,1111.01,46177,133.48,1.28,8
Belgium,Europe,2018,7765,2280,3069,2416,796.5,41127,173.37,0.3,0
Indonesia,Asia,2021,5871,882,2776,2213,1365.35,26074,191.57,2.2,5
Norway,Europe,2021,7169,1618,2661,2890,517.71,89716,182.45,1.6,7
Senegal,Africa,2023,152,44,67,41,912.83,42117,14.23,2.07,10
Thailand,Asia,2023,2361,723,1207,431,1326.25,61242,143.19,0.84,10
Bangladesh,Asia,2023,3836,656,1691,1489,1220.43,22409,82.36,2.35,8
Spain,Europe,2023,1433,424,679,330,475.96,35738,117.14,0.9,5
UK,Europe,2015,6829,1345,3495,1989,147.51,89687,18.42,0.99,11
Iran,Asia,2018,5655,1216,2753,1686,357.53,79853,31.73,2.35,9
Brazil,Americas,2018,17729,3054,9659,5016,1042.25,36172,8.97,0.81,9
Nigeria,Africa,2022,91,25,42,24,967.34,21540,131.14,2.37,4
Bangladesh,Asia,2021,3884,929,1441,1514,708.03,78076,12.11,1.83,7
Austria,Europe,2018,7984,1828,3827,2329,814.23,56383,125.62,1.84,6
Mexico,Americas,2020,15526,3957,7531,4038,935.74,35447,68.33,1.94,14
Indonesia,Asia,2020,5880,1865,2364,1651,302.39,77149,155.64,0.45,10
Austria,Europe,2023,3577,827,1562,1188,72.41,32547,35.8,1.13,2
Colombia,Americas,2020,5174,1031,1855,2288,756.99,16560,182.6,0.69,7
Australia,Oceania,2015,206,65,85,56,370.64,10523,3.03,1.16,8
Peru,Americas,2023,17419,3237,9470,4712,1089.76,16626,134.36,1.71,13
Spain,Europe,2022,7376,1818,2611,2947,992.85,82113,109.6,2.17,6
Netherlands,Europe,2018,4426,831,2385,1210,1192.09,87026,137.25,2.24,9
Argentina,Americas,2023,12211,2594,5195,4422,978.43,68720,114.59,0.92,2
Belgium,Europe,2015,6223,1740,3200,1283,1228.88,24553,105.84,1.2,1
Saudi Arabia,Asia,2023,4279,1248,1691,1340,923.81,27633,129.13,2.22,2
Morocco,Africa,2023,55,13,24,18,653.26,8761,61.16,0.49,11
Australia,Oceania,2018,477,149,175,153,935.86,75428,71.82,1.32,13
USA,Americas,2022,30964,5761,10848,14355,711.97,18759,124.27,2.1,7
New Zealand,Oceania,2022,227,59,85,83,1357.32,76133,82.49,1.93,0
Finland,Europe,2022,6392,1684,3045,1663,423.98,37381,139.4,1.3,0
Brazil,Americas,2021,25745,4177,11114,10454,1179.73,78536,65.75,1.76,10
Colombia,Americas,2022,684,116,306,262,1392.16,43015,193.19,0.36,5
Singapore,Asia,2021,1841,395,814,632,471.04,54330,96.66,0.27,2
Venezuela,Americas,2022,37958,5850,18984,13124,218.71,17944,131.49,1.81,2
Poland,Europe,2022,6243,1132,2710,2401,462.09,35118,124.91,0.3,14
Jamaica,Americas,2018,9527,2902,4453,2172,1096.53,52036,184.91,2.14,2
Tanzania,Africa,2021,475,72,210,193,43.09,51257,49.07,1.48,8
Argentina,Americas,2021,33736,7567,14040,12129,1385.39,38515,3.37,1.65,7
Jamaica,Americas,2015,32806,10355,17887,4564,1100.22,75696,106.69,0.58,4
Pakistan,Asia,2020,4790,987,2405,1398,1424.72,76200,74.22,1.0,7
Morocco,Africa,2023,162,46,63,53,740.55,7841,2.3,1.97,2
Canada,Americas,2015,2826,614,1251,961,636.63,67033,189.9,2.14,10
Uganda,Africa,2018,460,150,167,143,503.17,98026,12.48,0.14,6
Malaysia,Asia,2022,711,161,290,260,174.95,26100,15.67,1.28,6
Brazil,Americas,2023,38817,9239,21317,8261,573.44,7491,167.19,2.29,11
India,Asia,2020,313,80,165,68,1151.24,28389,10.37,1.4,8
UAE,Asia,2020,5978,1472,2311,2195,601.36,13427,16.6,0.69,10
Poland,Europe,2020,5500,1846,1937,1717,1209.3,64385,97.6,1.8,7
Australia,Oceania,2018,338,93,118,127,535.21,7085,57.23,1.51,9
Singapore,Asia,2015,509,114,268,127,663.6,42341,185.65,2.06,7
Ethiopia,Africa,2023,158,33,69,56,1367.27,35571,119.39,0.92,2
South Africa,Africa,2021,142,48,71,23,1229.21,53199,46.55,0.18,8
South Africa,Africa,2015,402,84,215,103,1273.43,22974,189.37,2.15,9
Netherlands,Europe,2021,5765,976,2556,2233,39.07,97942,65.59,1.31,1
Portugal,Europe,2018,7033,2200,3350,1483,1430.13,40192,80.86,1.61,9
Malaysia,Asia,2023,4092,886,2186,1020,1375.1,76299,180.27,1.44,12
Spain,Europe,2020,725,140,389,196,389.68,16296,186.58,0.75,3
Tanzania,Africa,2015,204,50,94,60,383.02,56078,93.78,0.51,6
USA,Americas,2021,25077,7964,12811,4302,770.22,23747,104.84,1.83,9
Czech Republic,Europe,2018,4673,1425,2048,1200,811.92,17786,56.47,1.48,14
Italy,Europe,2021,2281,357,1009,915,660.55,48957,54.47,0.48,11
Jamaica,Americas,2022,35304,8474,15812,11018,1214.62,48660,11.79,1.34,10
UAE,Asia,2021,3083,1008,1496,579,18.38,7343,114.26,2.23,4
Pakistan,Asia,2020,1417,377,643,397,918.13,77461,153.89,0.72,12
Denmark,Europe,2021,7415,1257,3441,2717,52.97,98737,66.53,1.76,1
Saudi Arabia,Asia,2020,3879,1300,1713,866,631.31,14727,199.12,2.18,13
Ghana,Africa,2015,174,53,63,58,49.95,27202,25.51,0.63,14
Kenya,Africa,2021,406,89,199,118,588.56,85645,138.25,1.59,8
Finland,Europe,2023,1252,250,570,432,35.06,22761,69.73,1.42,3
Senegal,Africa,2022,285,77,133,75,1302.48,79870,145.33,1.8,1
Ethiopia,Africa,2021,425,118,158,149,839.91,32727,104.86,1.96,4
Finland,Europe,2021,635,96,343,196,424.37,49933,46.82,0.2,0
Poland,Europe,2015,2067,633,1080,354,63.6,6462,154.64,0.55,9
Kenya,Africa,2020,475,147,216,112,367.29,23142,84.08,1.55,7
Belgium,Europe,2018,5498,1651,2265,1582,1449.53,47262,139.05,0.45,7
Netherlands,Europe,2020,1804,501,653,650,810.79,18279,134.6,0.37,2
Australia,Oceania,2020,449,91,223,135,644.12,53823,144.78,1.06,2
Colombia,Americas,2021,17920,5473,7466,4981,1130.78,11468,14.58,0.79,9
Cuba,Americas,2018,32515,9549,14807,8159,1407.82,54860,159.75,0.26,0
France,Europe,2018,7252,1180,3362,2710,138.94,12137,76.25,1.32,10
Japan,Asia,2023,1769,423,752,594,1423.08,32482,167.22,1.91,6
New Zealand,Oceania,2015,192,48,93,51,582.73,14785,190.14,0.64,11
Morocco,Africa,2022,245,81,88,76,1171.18,62104,13.07,2.36,0
Uganda,Africa,2020,163,41,87,35,205.11,88059,101.02,1.5,9
South Korea,Asia,2023,1331,199,585,547,1131.56,56683,60.17,1.17,7
Mexico,Americas,2020,1366,383,694,289,550.15,73216,146.98,1.46,1
Uganda,Africa,2021,145,42,52,51,918.95,79288,26.0,1.73,7
UK,Europe,2021,7551,1958,3085,2508,1004.03,9518,151.57,0.11,10
South Korea,Asia,2015,2512,848,1249,415,1080.53,70231,142.92,2.17,12
South Africa,Africa,2023,171,43,78,50,1068.99,15373,1.63,0.93,14
New Zealand,Oceania,2021,596,168,269,159,1274.9,21823,128.7,2.44,8
Cuba,Americas,2023,2100,548,889,663,359.41,84940,116.7,0.25,1
Italy,Europe,2021,3247,811,1195,1241,46.58,11611,6.39,1.23,8
Uganda,Africa,2021,178,39,72,67,293.06,97182,37.24,0.99,1
Bangladesh,Asia,2020,3006,902,1373,731,983.32,6042,57.81,1.92,14
Sweden,Europe,2018,2473,510,1214,749,819.96,9888,148.92,0.62,8
South Africa,Africa,2022,449,72,215,162,410.63,12469,43.02,2.17,1
Egypt,Africa,2018,182,44,91,47,1222.06,15926,83.06,2.15,11
Switzerland,Europe,2018,3637,835,1642,1160,349.24,28626,15.16,0.65,15
Saudi Arabia,Asia,2023,4865,731,2432,1702,251.37,88610,85.02,2.25,11
Mexico,Americas,2015,25484,7202,10665,7617,153.32,57398,82.2,0.31,5
UK,Europe,2020,7191,1168,2882,3141,707.42,20833,8.58,2.22,14
Spain,Europe,2020,7022,1986,2640,2396,673.65,72133,50.03,1.18,1
Ethiopia,Africa,2020,316,62,141,113,1437.52,32261,40.7,1.19,4
Germany,Europe,2021,3057,545,1079,1433,448.69,60049,0.71,0.77,13
Portugal,Europe,2022,1304,199,657,448,330.41,15734,34.02,1.77,7
Cuba,Americas,2020,25991,6980,14199,4812,1376.85,7800,64.64,0.22,11
Uganda,Africa,2015,144,29,75,40,114.27,75279,26.56,2.43,11
Mexico,Americas,2022,29489,10143,11617,7729,499.86,52627,14.22,1.37,11
Argentina,Americas,2023,28872,7585,10409,10878,441.61,69477,147.01,1.7,4
Colombia,Americas,2015,3151,1024,1534,593,90.5,47667,178.24,0.95,13
Singapore,Asia,2015,1066,287,466,313,720.94,14369,153.05,2.16,10
China,Asia,2020,2861,737,1448,676,462.46,10502,132.84,2.06,11
Brazil,Americas,2020,34064,11360,13451,9253,1251.88,69932,185.87,0.66,7
Vietnam,Asia,2015,4908,1401,2675,832,1063.21,19806,133.24,0.35,11
Egypt,Africa,2021,244,45,109,90,1152.45,28273,10.63,1.38,10
India,Asia,2018,1164,260,494,410,20.79,32112,0.92,2.41,1
Venezuela,Americas,2022,36162,8370,17994,9798,935.11,91336,64.99,2.47,9
Austria,Europe,2022,7608,2065,3766,1777,409.55,73349,28.01,1.55,5
Mexico,Americas,2021,27181,5251,11240,10690,1182.66,96720,77.3,2.11,2
Turkey,Asia,2023,840,168,412,260,720.63,52947,171.22,1.96,2
UAE,Asia,2015,777,123,323,331,814.71,22015,170.66,1.35,4
Ghana,Africa,2018,223,71,100,52,812.11,22641,101.97,1.13,12
UK,Europe,2021,1082,173,532,377,1406.78,81928,80.37,1.98,12
UK,Europe,2022,1431,476,553,402,365.95,82658,75.19,0.96,5
Saudi Arabia,Asia,2021,2583,611,1115,857,775.23,90152,106.92,1.17,15
Poland,Europe,2018,5165,1785,2657,723,681.48,75815,49.83,1.35,1
Chile,Americas,2021,38678,10902,16487,11289,958.45,59918,164.47,2.22,12
Belgium,Europe,2023,1084,270,464,350,121.99,14795,99.84,2.13,10
Fiji,Oceania,2015,140,34,60,46,399.99,57142,197.81,1.82,6
Indonesia,Asia,2018,3269,798,1286,1185,725.44,62252,31.64,1.84,5
India,Asia,2021,2128,607,920,601,741.93,14997,88.12,2.04,1
Singapore,Asia,2022,4810,1272,2020,1518,4.02,77346,185.56,1.36,13
India,Asia,2020,5774,899,3163,1712,315.64,24090,83.79,0.94,8
South Africa,Africa,2018,208,56,73,79,146.17,43327,175.02,0.98,13
Egypt,Africa,2015,232,51,116,65,8.48,70114,28.75,0.73,13
Belgium,Europe,2018,3109,1072,1291,746,697.8,14308,36.27,0.74,6
Turkey,Asia,2018,2529,789,1172,568,26.19,98894,152.13,0.69,5
Indonesia,Asia,2020,1804,479,833,492,385.02,8809,3.19,0.38,7
China,Asia,2022,3660,1235,1766,659,369.95,33416,188.96,0.15,3
China,Asia,2021,1845,593,765,487,266.42,69238,131.14,1.73,10
Chile,Americas,2018,34738,11838,13188,9712,272.23,78275,154.06,0.78,7
Singapore,Asia,2015,2551,872,917,762,478.59,64295,191.47,1.99,10
Kenya,Africa,2022,106,28,53,25,510.28,20895,147.86,1.79,5
South Korea,Asia,2015,636,164,233,239,1399.71,58920,145.15,2.42,3
Italy,Europe,2020,6699,1073,2889,2737,571.24,76549,187.53,0.58,9
Jamaica,Americas,2022,6784,1708,3132,1944,427.19,9227,65.22,1.37,6
Sweden,Europe,2023,5721,1647,2843,1231,380.05,94187,195.4,1.26,13
Pakistan,Asia,2018,5463,1276,2573,1614,335.46,85634,133.18,1.97,3
Jamaica,Americas,2021,14150,3863,5556,4731,457.42,38483,33.75,0.57,11
Mexico,Americas,2021,6231,1781,2363,2087,1371.95,82925,170.66,2.03,7
Colombia,Americas,2018,30375,9057,12703,8615,1098.06,44870,37.22,1.65,2
Germany,Europe,2022,446,85,210,151,281.57,64394,109.25,0.43,8
Venezuela,Americas,2015,36715,12709,17659,6347,902.64,18018,58.92,1.38,3
Chile,Americas,2021,15860,3347,8720,3793,1321.36,13300,150.43,0.97,13
Japan,Asia,2022,2254,677,1218,359,86.98,16394,154.48,2.42,6
Switzerland,Europe,2018,5256,1108,2324,1824,1014.42,64560,112.99,0.69,9
Germany,Europe,2018,3578,653,1482,1443,1441.34,12890,11.96,0.68,5
Turkey,Asia,2023,2073,445,1034,594,1338.2,63638,188.36,1.87,13
Tanzania,Africa,2018,437,132,209,96,1273.47,35087,149.2,2.38,3
Brazil,Americas,2015,12699,4051,5596,3052,951.8,38326,20.59,1.59,0
Netherlands,Europe,2021,3807,1076,1534,1197,1220.92,64497,135.2,0.96,4
Ethiopia,Africa,2018,362,72,190,100,1246.39,42835,134.91,2.01,10
Turkey,Asia,2020,2110,637,1094,379,852.58,78132,3.42,1.34,3
Norway,Europe,2020,1556,452,629,475,541.79,29329,24.39,1.96,11
New Zealand,Oceania,2022,455,114,243,98,230.09,92281,145.81,2.11,9
Morocco,Africa,2018,428,106,157,165,1199.11,12568,12.31,1.5,0
Poland,Europe,2020,4358,1047,1565,1746,1151.05,62208,118.59,0.29,15
Uganda,Africa,2021,150,45,76,29,676.6,26447,5.13,0.38,8
Kenya,Africa,2020,471,143,205,123,688.39,75520,138.68,1.91,3
Uganda,Africa,2015,147,34,72,41,453.17,17811,27.67,2.48,2
Jamaica,Americas,2022,39451,12572,18418,8461,66.56,64033,92.39,0.96,9
Chile,Americas,2021,26349,4594,9908,11847,349.76,84106,108.21,0.85,12
Cuba,Americas,2015,25784,7665,13767,4352,848.54,45010,124.87,0.86,11
Chile,Americas,2018,22992,5220,12584,5188,679.0,50930,20.32,1.18,4
Denmark,Europe,2015,7340,2193,3158,1989,331.68,71804,110.25,1.68,15
Belgium,Europe,2022,3783,625,1371,1787,651.31,97677,32.55,2.01,3
UAE,Asia,2022,463,158,208,97,279.43,17784,166.3,2.25,2
South Korea,Asia,2020,2671,630,1088,953,74.93,46072,67.43,0.99,11
Kenya,Africa,2018,207,60,95,52,1218.11,81432,94.09,1.05,11
Morocco,Africa,2015,492,126,226,140,795.63,43256,74.66,1.21,11
Czech Republic,Europe,2020,2299,667,1138,494,93.89,12383,24.26,1.42,12
Austria,Europe,2015,7939,1462,4322,2155,927.44,35245,169.95,2.39,15
Fiji,Oceania,2015,374,105,183,86,143.6,11005,100.88,0.46,5
Australia,Oceania,2023,106,24,38,44,314.65,12724,187.9,0.44,0
Egypt,Africa,2021,298,46,122,130,489.99,59355,101.15,2.16,10
Ethiopia,Africa,2023,413,66,212,135,694.77,90539,75.28,1.01,10
Bangladesh,Asia,2018,605,109,284,212,1135.74,71241,197.81,0.66,15
Kenya,Africa,2015,148,27,55,66,625.24,29292,12.43,0.93,5
Uganda,Africa,2022,385,79,150,156,677.9,11555,110.67,0.84,5
Cuba,Americas,2020,18114,3918,6852,7344,20.51,23334,16.17,1.9,12
Nigeria,Africa,2022,304,54,122,128,1222.54,56105,137.73,0.21,4
Pakistan,Asia,2022,2991,925,1431,635,1026.67,51962,104.45,1.04,10
South Africa,Africa,2023,472,121,221,130,1065.51,11834,25.99,2.43,10
Belgium,Europe,2023,3057,1046,1131,880,1152.03,51693,11.08,0.74,0
Pakistan,Asia,2018,2012,555,745,712,1364.69,84544,116.46,0.99,3
Sweden,Europe,2023,3547,611,1592,1344,1314.21,41284,34.34,0.72,12
Senegal,Africa,2021,222,66,81,75,1215.26,47378,97.57,1.36,12
Israel,Asia,2020,885,224,446,215,798.44,17908,9.94,1.11,14
Japan,Asia,2022,3427,551,1394,1482,437.9,93854,180.62,1.46,5
Singapore,Asia,2021,5564,1110,2736,1718,1383.92,88423,82.9,0.65,7
Italy,Europe,2023,6664,1231,3072,2361,1149.49,76605,180.97,1.9,1
Saudi Arabia,Asia,2020,2888,937,1586,365,313.25,80757,44.9,1.25,12
Japan,Asia,2018,3234,598,1692,944,741.59,92954,197.64,2.39,0
USA,Americas,2020,30929,6584,13249,11096,148.69,93557,72.56,0.53,15
Finland,Europe,2021,6688,1005,2924,2759,1160.23,52451,25.8,0.42,2
Finland,Europe,2023,3933,718,1690,1525,1022.39,27464,8.47,1.92,6
Canada,Americas,2020,22099,7719,11243,3137,7.86,37174,37.27,2.48,5
Brazil,Americas,2022,9026,1488,3191,4347,1096.33,85774,31.09,0.51,2
Norway,Europe,2015,3737,1093,1486,1158,1073.91,71481,95.13,0.83,10
Sweden,Europe,2023,5511,1429,2577,1505,754.73,47965,93.92,0.67,1
Uganda,Africa,2023,258,40,123,95,413.34,22691,195.83,1.41,11
South Africa,Africa,2022,418,71,203,144,1058.15,22843,66.0,1.54,2
Italy,Europe,2021,2843,484,1437,922,715.88,57861,131.21,0.57,0
Iran,Asia,2021,1171,366,513,292,48.5,81147,167.17,0.25,0
Czech Republic,Europe,2015,413,130,210,73,1121.45,88498,46.61,1.59,10
Pakistan,Asia,2023,1613,258,603,752,1352.42,65401,62.44,1.68,6
Argentina,Americas,2023,6449,2134,3489,826,744.37,54589,80.9,1.22,3
Jamaica,Americas,2022,28240,7160,11230,9850,812.75,28545,41.81,2.44,12
Chile,Americas,2018,8769,2236,4181,2352,65.94,68294,89.79,0.84,9
Morocco,Africa,2018,408,88,195,125,142.21,72745,39.1,1.64,4
Mexico,Americas,2018,2377,758,1170,449,1149.6,61227,133.23,1.05,11
South Africa,Africa,2015,203,51,88,64,1150.58,43844,16.43,1.33,15
UK,Europe,2018,5579,1249,2297,2033,265.41,81396,135.22,0.23,12
France,Europe,2023,1927,492,950,485,1187.47,90021,132.35,1.4,7
Nigeria,Africa,2022,422,105,208,109,1417.09,51220,109.19,0.97,12
Indonesia,Asia,2023,3720,1116,1424,1180,1016.2,40456,33.11,0.91,7
Sweden,Europe,2018,2001,566,1060,375,160.23,38554,151.04,1.45,12
Finland,Europe,2018,5464,1346,2254,1864,1237.72,40638,198.24,0.43,13
Tanzania,Africa,2022,152,45,74,33,251.3,16282,163.31,2.37,10
Philippines,Asia,2015,1541,436,718,387,1216.06,75973,148.34,0.63,12
Thailand,Asia,2018,5749,969,2726,2054,1240.55,39719,109.3,0.57,12
Uganda,Africa,2022,355,66,136,153,808.57,14887,30.4,0.13,5
Vietnam,Asia,2020,4402,1238,1975,1189,1440.54,77798,99.72,2.07,1
Czech Republic,Europe,2015,6204,1770,3016,1418,290.76,54437,11.81,2.42,12
Mexico,Americas,2022,33227,5129,12192,15906,562.72,50318,84.97,1.06,14
UAE,Asia,2023,1795,613,842,340,706.46,64395,67.12,1.81,11
Argentina,Americas,2021,31902,5575,17451,8876,1213.97,14098,10.46,0.26,13
Vietnam,Asia,2022,4937,1517,2418,1002,74.37,11256,8.75,1.77,12
Tanzania,Africa,2021,121,32,66,23,1049.07,85206,31.35,0.18,7
Spain,Europe,2018,2339,673,1241,425,95.19,12340,37.56,1.96,1
France,Europe,2018,2579,428,1235,916,672.54,97230,166.55,0.65,0
Kenya,Africa,2023,382,78,168,136,1245.33,34257,167.21,0.63,9
Israel,Asia,2018,2247,560,1016,671,333.02,70239,24.98,0.8,0
Ghana,Africa,2023,160,43,86,31,546.26,57247,76.76,0.18,14
Switzerland,Europe,2015,742,246,322,174,1145.35,36093,28.42,2.42,0
Czech Republic,Europe,2015,6943,2031,3506,1406,263.29,97264,4.93,1.12,8
Jamaica,Americas,2023,16603,2764,8856,4983,716.54,98116,22.78,2.03,3
Philippines,Asia,2018,5150,1064,1842,2244,209.3,45942,22.46,0.95,2
